{"cameraMode":{"drawMode":0,"name":"Shaded","section":"Shading Mode"},"sceneLighting":false,"audioPlay":false,"sceneViewState":{"showFog":true,"showMaterialUpdate":false,"showSkybox":false,"showFlares":true,"showImageEffects":true,"showParticleSystems":true},"in2DMode":false,"pivot":{"x":22.15999984741211,"y":1.3160722255706788,"z":-28.61192512512207},"rotation":{"x":-0.1079934760928154,"y":0.8782787919044495,"z":-0.2362852692604065,"w":-0.4014148414134979},"size":9.410130500793457,"orthographic":false}