{"cameraMode":{"drawMode":0,"name":"Shaded","section":"Shading Mode"},"sceneLighting":true,"audioPlay":false,"sceneViewState":{"showFog":true,"showMaterialUpdate":false,"showSkybox":true,"showFlares":true,"showImageEffects":true,"showParticleSystems":true},"in2DMode":false,"pivot":{"x":36.52812194824219,"y":2.501821517944336,"z":-45.690162658691409},"rotation":{"x":-0.1079934760928154,"y":0.8782787919044495,"z":-0.2362852692604065,"w":-0.4014148414134979},"size":50.37759780883789,"orthographic":false}